rowid,email,image,location,meetup,meetup_id,meetup_image,name,organizer,pro_network,twitter,website,facebook,github,external_website,external_ website,instagram,Linkedin,timepad,google_plus,timepad_id,youtube,whatsapp,new_location,latitude,longitude
1,amsterdam@pyladies.com,pyladies_amsterdam.jpeg,"{""latitude"": 52.37, ""longitude"": 4.89}",PyLadiesAMS,4663509776,https://secure.meetupstatic.com/photos/event/2/3/8/8/highres_483969096.jpeg,"Amsterdam, the Netherlands",Alyona Galyeva,Python Software Foundation Meetup Pro Network,PyLadiesAMS,amsterdam,,,,,,,,,,,,"52.37, 4.89",52.37,4.89
2,ankara@pyladies.com,pyladies_ankara.png,"{""latitude"": 39.9167, ""longitude"": 32.8333}",,,,"Ankara, Turkey",,,pyladiesankara,ankara,pyladiesankara,pyladiesankara,,,,,,,,,,"39.9167, 32.8333",39.9167,32.8333
3,tnr@pyladies.com,pyladies_tnr.png,"{""latitude"": -18.9333, ""longitude"": 47.5167}",,,,"Antananarivo, MDG",,,PyladiesMDG,tnr,,,,,,,,,,,,"-18.9333, 47.5167",-18.9333,47.5167
4,aracati@pyladies.com,pyladies-aracati.png,"{""latitude"": -4.5611543, ""longitude"": -37.7689913}",,,,"Aracati, Brazil",,,PyladiesAracati,,,,0,,,,,,,,,"-4.5611543, -37.7689913",-4.5611543,-37.7689913
5,aqp@pyladies.com,pyladies_arequipa.jpg,"{""latitude"": -16.398776, ""longitude"": -71.53687}",,,,"Arequipa, Peru",,,,,@aqp.pyladies,PyladiesAqp,,,,,,,,,,"-16.398776, -71.53687",-16.398776,-71.53687
6,atl@pyladies.com,pyladies_dc_atl_sea_tor.png,"{""latitude"": 33.7490987, ""longitude"": -84.3901849}",,4507652,,"Atlanta, GA",,,pyladiesATL,atl,,,,,,,,,,,,"33.7490987, -84.3901849",33.7490987,-84.3901849
7,atx@pyladies.com,pyladies_atx.jpeg,"{""latitude"": 30.27, ""longitude"": -97.74}",pyladies-atx,4663512976,https://secure.meetupstatic.com/photos/event/5/4/f/6/highres_437421750.jpeg,"Austin, TX",PyLadiesATX,Python Software Foundation Meetup Pro Network,pyladiesATX,atx,,,,,,,,,,,,"30.27, -97.74",30.27,-97.74
8,australia@pyladies.com,pyladies_australia.png,"{""latitude"": -24.7761086, ""longitude"": 134.755}",,,,Australia,,,pyladiesau,http://australia.pyladies.com/,pyladiesau,PyLadiesAU,,1,,,,,,,,"-24.7761086, 134.755",-24.7761086,134.755
9,pyblr@pyladies.com,pyladies_blr_logo.jpeg,"{""latitude"": 12.9791703, ""longitude"": 77.5912429}",PyLadies-Bangalore-Chapter,280657416,,"Bangalore, India",,Python Software Foundation Meetup Pro Network,pyladiesblr,,,,,,,,,,,,,"12.9791703, 77.5912429",12.9791703,77.5912429
10,bauchi@pyladies.com,pyladies_dc_atl_sea_tor.png,"{""latitude"": 10.301, ""longitude"": 9.8237}",,243646248,,"Bauchi, NG",,,pyladiesbauchi,NG,,,,,,,,,,,,"10.301, 9.8237",10.301,9.8237
11,belem@pyladies.com,pyladies_belem.jpg,"{""latitude"": -1.3410047, ""longitude"": -48.5904714}",,,,"Belem, Brazil",,,,,pyladiesbelem,,1,,,,,,,,,"-1.3410047, -48.5904714",-1.3410047,-48.5904714
12,bh@pyladies.com,pyladies-bh.png,"{""latitude"": -19.92, ""longitude"": -43.94}",PyLadies-BH-Meetup,4663509776,,"Belo Horizonte, Brazil",Roberto Novaes,,pyladiesbh,http://bh.pyladies.com,,,0,,,,,,,,,"-19.92, -43.94",-19.92,-43.94
13,berlin@pyladies.com,pyladies_berlin.png,"{""latitude"": 52.52, ""longitude"": 13.38}",PyLadies-Berlin,4663512976,https://secure.meetupstatic.com/photos/event/6/b/8/6/highres_454587526.jpeg,"Berlin, Germany",Anett G.,Python Software Foundation Meetup Pro Network,PyLadiesBer,http://berlin.pyladies.com,,,1,,,,,,,,,"52.52, 13.38",52.52,13.38
14,bbsr@pyladies.com,pyladies_logo.png,"{""latitude"": 20.2961, ""longitude"": 85.8245}",,,,"Bhubaneswar, India",,,PyladiesBbsr,bbsr,,,,,,,,,,,,"20.2961, 85.8245",20.2961,85.8245
15,blumenau@pyladies.com,pyladies-blumenau.png,"{""latitude"": -26.915415, ""longitude"": -49.072152}",,,,"Blumenau, Brazil",,,pyladiesbnu,,pyladiesbnu,pyladies-blumenau,1,,pyladies_blumenau,,,,,,,"-26.915415, -49.072152",-26.915415,-49.072152
16,boulder@pyladies.com,pyladies_colorado.png,"{""latitude"": 40.015, ""longitude"": -105.2705}",,,,"Boulder, CO",,,PyLadiesCO,,,,,,,,,,,,,"40.015, -105.2705",40.015,-105.2705
17,boston@pyladies.com,pyladies_boston_logo_2_white.png,"{""latitude"": 42.36, ""longitude"": -71.06}",PyLadies-Boston,4663509776,https://secure.meetupstatic.com/photos/event/5/f/b/6/highres_246984502.jpeg,"Boston, MA",Laura Stone,,PyLadiesBoston,http://boston.pyladies.com,,,1,,,,,,,,,"42.36, -71.06",42.36,-71.06
18,bratislava@pyladies.org,pyladies_logo.png,"{""latitude"": 48.148598, ""longitude"": 17.107748}",,,,"Bratislava, Slovakia",,,,,PyLadiesBratislava,,,,,,,,,,,"48.148598, 17.107748",48.148598,17.107748
19,brazil@pyladies.com,pyladies_brasil.png,"{""latitude"": -10.3333333, ""longitude"": -53.2}",,,,Brazil,,,PyLadiesBrazil,http://brasil.pyladies.com/,PyLadiesBrazil,pyladies-brazil,1,,,,,,,,,"-10.3333333, -53.2",-10.3333333,-53.2
20,brisbane@pyladies.com,BPLlogo.png,"{""latitude"": -27.46, ""longitude"": 153.02}",BrisbanePyLadies,4663512976,https://secure.meetupstatic.com/photos/event/5/6/e/f/highres_483622255.jpeg,"Brisbane, Australia",Brisbane PyLadies,Python Software Foundation Meetup Pro Network,PyLadiesBNE,,,BrisbanePyLadies,,,,PyLadies Brisbane,,,,,,"-27.46, 153.02",-27.46,153.02
21,brno@pyladies.com,pyladies_sd_brno.png,"{""latitude"": 50.08, ""longitude"": 14.43}",pyladiescz,4663509776,https://secure.meetupstatic.com/photos/event/5/7/4/4/highres_470902340.jpeg,"Brno, Czech Republic",,,pyladiesCZ,cz,,,,,,,,,,,,"50.08, 14.43",50.08,14.43
22,calgary@pyladies.com,pyladies_calgary.png,"{""latitude"": 51.04, ""longitude"": -114.06}",,,,"Calgary, Alberta, Canada",,,PyladiesCalgary,,,pyladiescalgary,0,,,,,,,,,"51.04, -114.06",51.04,-114.06
23,campinas@pyladies.com,pyladies_campinas.png,"{""latitude"": -22.909992, ""longitude"": -47.063006}",,,,"Campinas, Brazil",,,pyladiescps,http://brasil.pyladies.com,pyladiescps,pyladiescps,1,,,,,,,,,"-22.909992, -47.063006",-22.909992,-47.063006
24,tr@pyladies.com,pyladies_dc_atl_sea_tor.png,"{""latitude"": 39.9167, ""longitude"": 32.8333}",,,,"Canakkale, Turkey",,,PyladiesTurkey,tr,,,,,,,,,,,,"39.9167, 32.8333",39.9167,32.8333
25,caxiasdosul@pyladies.com,pyladies_caxiasdosul.jpg,"{""latitude"": -29.16806, ""longitude"": -51.17944}",PyLadiesCaxiasdoSul,,,"Caxias do Sul, Brazil",,,,http://caxiasdosul.pyladies.com,pyladiescaxias,PyladiesCaxias,1,,,,,,,,,"-29.16806, -51.17944",-29.16806,-51.17944
26,mx@pyladies.com,pyladies_cdmx.png,"{""latitude"": 19.43, ""longitude"": -99.14}",Mexico-City-Pyladies-Meetup,4663512976,,"CDMX, M&eacute;xico",Erika,,MxPyladies,mx,,,,,,,,,,,,"19.43, -99.14",19.43,-99.14
27,chn@pyladies.com,pyladies_chennai.png,"{""latitude"": 13.09, ""longitude"": 80.27}",pyladieschennai,4663509776,https://secure.meetupstatic.com/photos/event/9/9/9/1/highres_478479313.jpeg,"Chennai, India",PyLadies Chennai,Python Software Foundation Meetup Pro Network,pyladieschennai,,pyladiesofchennai,pyladieschennai,,,,,,,,,,"13.09, 80.27",13.09,80.27
28,charleston@pyladies.com,pyladies_charleston.png,"{""latitude"": 32.7876012, ""longitude"": -79.9402728}",PyLadies-Charleston,8401402,,"Charleston, SC",,,PyLadiesCHS,http://charleston.pyladies.com,,,1,,,,,,,,,"32.7876012, -79.9402728",32.7876012,-79.9402728
29,chicago@pyladies.com,pyladies_chicago.png,"{""latitude"": 41.88, ""longitude"": -87.63}",Chicago-PyLadies,4663512976,https://secure.meetupstatic.com/photos/event/2/a/a/3/highres_452110915.jpeg,"Chicago, IL",Lorena Mesa,Python Software Foundation Meetup Pro Network,PyLadiesChicago,http://chicago.pyladies.com,,,1,,,,,,,,,"41.88, -87.63",41.88,-87.63
30,cle@pyladies.com,,"{""latitude"": 41.49, ""longitude"": -81.67}",CLE-PyLadies,4663509776,https://secure.meetupstatic.com/photos/event/e/2/9/5/highres_471598005.jpeg,"Cleveland, OH",Cleveland PyLadies,Python Software Foundation Meetup Pro Network,CLEPyLadies,https://clepyladies.github.io/pyladies-official,CLEPyLadies,,1,,CLEPyLadies,,,,,,,"41.49, -81.67",41.49,-81.67
31,cochabamba@pyladies.com,pyladies_cochabamba.png,"{""latitude"": -17.41403, ""longitude"": -66.17727}",,,,"Cochabamba, Bolivia",,,pyladiescbba,cochabamba,pyladiescbba,pyladiesCochabamba,,,,,,,,,,"-17.41403, -66.17727",-17.41403,-66.17727
32,curitiba@pyladies.com,pyladies-curitiba.png,"{""latitude"": -25.4167, ""longitude"": -49.25}",,,,"Curitiba, Brazil",,,pyladiescuritib,http://brasil.pyladies.com/,PyLadiesCuritiba,pyladies-curitiba,1,,,,,,,,,"-25.4167, -49.25",-25.4167,-49.25
33,dfw@pyladies.com,pyladies_dc_atl_sea_tor.png,"{""latitude"": 32.7776162, ""longitude"": -96.7970585}",,2292131,,"Dallas, TX",,,pyladiesdallas,dallas,,,,,,,,,,,,"32.7776162, -96.7970585",32.7776162,-96.7970585
34,denver@pyladies.com,pyladies_colorado.png,"{""latitude"": 39.7392, ""longitude"": -104.9903}",,,,"Denver, CO",,,PyLadiesDEN,,,,,,,,,,,,,"39.7392, -104.9903",39.7392,-104.9903
35,df@pyladies.com,pyladies_df.png,"{""latitude"": -15.7941454, ""longitude"": -47.8825479}",,,,"DF - Distrito Federal, Brazil",,,pyladiesdf,http://df.pyladies.com,pyladiesdf,pyladiesdf,1,,,,,,,,,"-15.7941454, -47.8825479",-15.7941454,-47.8825479
36,doboj@pyladies.com,pyladies_doboj.png,"{""latitude"": 44.731389, ""longitude"": 18.084444}",,281140334,,"Doboj, BiH",,,PyLadiesDoboj,http://doboj.pyladies.com/,pyladiesdobojbih,,1,,,,,,,,,"44.731389, 18.084444",44.731389,18.084444
37,dublin@pyladies.com,pyladies-dublin.png,"{""latitude"": 53.33, ""longitude"": -6.25}",PyLadiesDublin,4663512976,https://secure.meetupstatic.com/photos/event/3/6/3/9/highres_488953881.jpeg,"Dublin, Ireland",Vicky Twomey-Lee,Python Software Foundation Meetup Pro Network,pyladiesdub,dublin,,,,,,,,,,,,"53.33, -6.25",53.33,-6.25
38,duquedecaxias@pyladies.com,pyladies_dc_atl_sea_tor.png,"{""latitude"": -22.6433502, ""longitude"": -43.4457786}",,,,"Duque de Caxias, RJ",,,PyLadiesCaxias,http://duquedecaxias.pyladies.com/,PyLadiesDuqueDeCaxias,pyladies-dcaxias,1,,,,,,,,,"-22.6433502, -43.4457786",-22.6433502,-43.4457786
39,edinburgh@pyladies.com,pyladies_edinburgh_logo2.png,"{""latitude"": 55.95, ""longitude"": -3.2}",PyLadiesEdinburgh,4663509776,https://secure.meetupstatic.com/photos/event/8/3/2/4/highres_392493572.jpeg,"Edinburgh, Scotland",Becky Smith,Python Software Foundation Meetup Pro Network,PyLadiesEdin,edinburgh,,,,,,,,,,,,"55.95, -3.2",55.95,-3.2
40,addisa@pyladies.com,pyladies-addis.png,"{""latitude"": 9.005401, ""longitude"": 38.763611}",,,,"Ethiopia, Addis Ababa",,,,,,https://github.com/PyladiesAddis,,,,,,,,,,"9.005401, 38.763611",9.005401,38.763611
41,freiburg@pyladies.com,,"{""latitude"": 47.997791, ""longitude"": 7.842609}",,,,"Freiburg, Germany",Hema,,,,,PyLadies-Freiburg,,,,,,,,,,"47.997791, 7.842609",47.997791,7.842609
42,ghana@pyladies.com,pyladies_ghana.jpg,"{""latitude"": 6.946527, ""longitude"": -1.023194}",,,,Ghana,,,PyladiesGhana,https://ghana.pyladies.com,,PyladiesGhana,1,,,,,,,,,"6.946527, -1.023194",6.946527,-1.023194
43,grandrapids@pyladies.com,pyladies_grandrapids.png,"{""latitude"": 42.96, ""longitude"": -85.66}",PyLadiesGrandRapids,4663512976,https://secure.meetupstatic.com/photos/event/3/b/7/highres_466800951.jpeg,"Grand Rapids, MI",Rachell,Python Software Foundation Meetup Pro Network,PyladiesGR,http://grandrapids.pyladies.com,pyladiesgrandrapids,,1,,,,,,,,,"42.96, -85.66",42.96,-85.66
44,gtu@pyladies.com,pyladies-sq-logo.png,"{""latitude"": 23.253627, ""longitude"": 72.6338228}",,,,"Gujarat, India",,,PyladiesGTU,gtu.ac.in,,,,,,,,,,,,"23.253627, 72.6338228",23.253627,72.6338228
45,hamburg@pyladies.com,pyladies_hamburg.png,"{""latitude"": 53.55, ""longitude"": 10.0}",PyLadies-Hamburg,4663509776,https://secure.meetupstatic.com/photos/event/8/f/a/9/highres_471636777.jpeg,"Hamburg, Germany",Hamburg PyLadies,Python Software Foundation Meetup Pro Network,PyLadiesHH,http://hamburg.pyladies.com,,,1,,,,,,,,,"53.55, 10.0",53.55,10.0
46,helsinki@pyladies.com,pyladies_helsinki.png,"{""latitude"": 60.17, ""longitude"": 24.94}",Helsinki-Pyladies,4663512976,https://secure.meetupstatic.com/photos/event/7/9/0/6/highres_252930982.jpeg,"Helsinki, Finland",Elena Oat,Python Software Foundation Meetup Pro Network,,helsinki,,,,,,,,,,,,"60.17, 24.94",60.17,24.94
47,hcmc@pyladies.com,,"{""latitude"": 10.776889, ""longitude"": 106.700806}",,248903240,,"Ho Chi Minh, Vietnam",,,pyladies1,,PyladiesHCM,,,,,,,,,,,"10.776889, 106.700806",10.776889,106.700806
48,hermosillo@pyladies.com,pyladies-hermosillo.jpeg,"{""latitude"": 29.09, ""longitude"": -110.95}",PyLadiesHMO,,,"Hermosillo, M&eacute;xico",Pyladies Hermosillo,Python Software Foundation Meetup Pro Network,PyLadiesHMO,https://hermosillo.pyladies.com,pyladiesHMO,PyladiesHermosillo,,,,,,,,,,"29.09, -110.95",29.09,-110.95
49,Houston.pyladies@gmail.com,pylady_geek.png,"{""latitude"": 29.77, ""longitude"": -95.4}",Houston_PyLadies,4663509776,,"Houston, TX",Lesly,Python Software Foundation Meetup Pro Network,HPyladies,,,,,,,,,,,,,"29.77, -95.4",29.77,-95.4
50,pyladies@openlabs.co.in,pyladies_in.png,"{""latitude"": 28.67, ""longitude"": 77.21}",PyladiesIndia,4663512976,https://secure.meetupstatic.com/photos/event/1/8/6/2/highres_371586242.jpeg,India,Rituparna,,PyladiesIndia,,,,,,,,,,,,,"28.67, 77.21",28.67,77.21
51,plateau@pyladies.com,pyladies_dc_atl_sea_tor.png,"{""latitude"": 9.2446, ""longitude"": 9.3673}",,,,"Jos, plateau",,,,,,,,,,,,,,,,"9.2446, 9.3673",9.2446,9.3673
52,kampala@pyladies.com,pyladies_kampala.png,"{""latitude"": 0.347596, ""longitude"": 32.58252}",,244079349,,"Kampala, Uganda",,,pyladieskla,kampala,,,,,,,,,,,,"0.347596, 32.58252",0.347596,32.58252
53,kzn@pyladies.com,pyladies_kzn.png,"{""latitude"": 55.798697, ""longitude"": 49.1039413}",,,,"Kazan, Russia",,,pyladieskzn,,pyladieskzn,,,,,,pyladies-kzn,,,,,"55.798697, 49.1039413",55.798697,49.1039413
54,kosice@pyladies.org,pyladies_logo.png,"{""latitude"": 48.716385, ""longitude"": 21.261074}",,,,"Kosice, Slovakia",Iveta Tonhauserova,,,,PyLadiesKosice,,,,,,,,,,,"48.716385, 21.261074",48.716385,21.261074
55,,pyladies-sq-logo.png,"{""latitude"": 35.0117, ""longitude"": 135.7683}",,,,Kyoto,,,,http://pyladies-kyoto.connpass.com,PyLadiesKyoto,,1,,,,,https://plus.google.com/u/0/communities/113677670074162908256,,,,"35.0117, 135.7683",35.0117,135.7683
56,lp@pyladies.com,pyladies_lapaz.png,"{""latitude"": -16.52, ""longitude"": -68.1}",,,,"La Paz, Bolivia",,,PyLadiesLaPaz,https://www.meetup.com/La-Paz-PyLadies-Meetup,PyLadiesLaPaz,,1,,,,,,,,,"-16.52, -68.1",-16.52,-68.1
57,elalto@pyladies.com,pyladies_elalto.jpg,"{""latitude"": -16.5, ""longitude"": -68.21}",,,,"El Alto, Bolivia",,,PyLadiesElAlto,elalto,,,,,,,,,,,,"-16.5, -68.21",-16.5,-68.21
58,lisboa@pyladies.com,pyladies_dc_atl_sea_tor.png,"{""latitude"": 38.736946, ""longitude"": -9.142685}",,,,"Lisbon, Portugal",,,PyLadiesLisboa,,,,,,,,,,,,,"38.736946, -9.142685",38.736946,-9.142685
59,london@pyladies.com,pyladies_london.png,"{""latitude"": 51.51, ""longitude"": -0.13}",pyladieslondon,4663509776,,"London, UK",Anna,Python Software Foundation Meetup Pro Network,PyLadiesLondon,,,,,,,,,,,,,"51.51, -0.13",51.51,-0.13
60,la@pyladies.com,pyladies_la.jpeg,"{""latitude"": 34.04, ""longitude"": -118.25}",Pyladies-LA,4663512976,https://secure.meetupstatic.com/photos/event/c/6/3/8/highres_476870744.jpeg,"Los Angeles, CA",Sylvia Tran,Python Software Foundation Meetup Pro Network,pyladiesLA,https://pyladiesla.netlify.com/,,,1,,,,,,,,,"34.04, -118.25",34.04,-118.25
61,mavs@pyladies.com,pyladies-geek-grey-blue.png,"{""latitude"": 32.62, ""longitude"": -97.15}",PyLadies-Arlington,4663509776,,Mavs PyLadies,,,,mavs,pyladiesmavs,,,,,,,,,,,"32.62, -97.15",32.62,-97.15
62,maceio@pyladies.com,pyladies_maceio.png,"{""latitude"": -9.6498487, ""longitude"": -35.708949200000006}",,203416475,,"Maceio, Brazil",,,@maceiopyladies,,www.facebook.com/profile.php?id=100011766016329,,,,,,,,,,,"-9.6498487, -35.708949200000006",-9.6498487,-35.708949200000006
63,manaus@pyladies.com,pyladies_manaus.png,"{""latitude"": -3.10719, ""longitude"": -60.0261}",,,,"Manaus, Brazil",,,@pyladiesmanaus,pyladiesmanaus.pythonanywhere.com/,www.facebook.com/pyladiesmanaus/,,1,,,,,,,,,"-3.10719, -60.0261",-3.10719,-60.0261
64,milan@pyladies.com,pyladies_dc_atl_sea_tor.png,"{""latitude"": 45.46, ""longitude"": 9.19}",meetup-group-AmxqeOPN/,4663509776,,"Milan, Italy",PyLadies Milano,Python Software Foundation Meetup Pro Network,@MilanoPyladies,,pg/pyladiesmilan,,,,,,,,,,,"45.46, 9.19",45.46,9.19
65,melbourne@pyladies.com,pyladies_melbourne.jpeg,"{""latitude"": -37.81, ""longitude"": 144.96}",PyLadies-Melbourne,4663512976,https://secure.meetupstatic.com/photos/event/4/1/d/7/highres_463036855.jpeg,"Melbourne, Australia",Brianna Laugher (PyLadiesMEL),Python Software Foundation Meetup Pro Network,PyLadiesMEL,http://melbourne.pyladies.com/,pyladiesau,pyladiesmelbourne,1,,,,,,,,,"-37.81, 144.96",-37.81,144.96
66,Mohali@pyladies.com,mapmarker.png,"{""latitude"": 30.704649, ""longitude"": 76.717873}",,,,Mohali,,,,,,,,,,,,,,,,"30.704649, 76.717873",30.704649,76.717873
67,montreal@pyladies.com,pyladies_dc_atl_sea_tor.png,"{""latitude"": 45.52, ""longitude"": -73.58}",PyLadiesMTL,4663509776,https://secure.meetupstatic.com/photos/event/1/8/4/e/highres_227526222.jpeg,"Montreal, Canada",Julie Lewis,,pyladiesMTL,mtl,,,,,,,,,,,,"45.52, -73.58",45.52,-73.58
68,MA@pyladies.com,pyladies_ma.png,"{""latitude"": 33.97159, ""longitude"": -6.849813}",,193620926,,Morocco,,,PyLadiesMa,MA,,,,,,,,,,,,"33.97159, -6.849813",33.97159,-6.849813
69,mum@pyladies.com,amchi_pyladies.png,"{""latitude"": 18.9523804, ""longitude"": 72.8327112}",,,,"Mumbai, India",,,,,,,,,,,,,,,,"18.9523804, 72.8327112",18.9523804,72.8327112
70,munich@pyladies.com,pyladiesmu_logo.png,"{""latitude"": 48.14, ""longitude"": 11.58}",PyLadiesMunich,4663512976,https://secure.meetupstatic.com/photos/event/1/e/1/f/highres_485407711.jpeg,"Munich, Germany",Laysa Uchoa,Python Software Foundation Meetup Pro Network,pyladiesmunich,https://github.com/pyladiesmunich,,,1,,,,,,,,,"48.14, 11.58",48.14,11.58
71,southflorida@pyladies.com,pyladies_soflo.png,"{""latitude"": 26.14234, ""longitude"": -81.79596}",PyLadies-SoFlo,,,"South Florida, USA",Inessa Pawson,,PyLadiesSoFlo,,PyLadiesSoFlo,PyLadiesSoFlo,,,,,,,,,,"26.14234, -81.79596",26.14234,-81.79596
72,info@pyladies.com,pyladies_nashville.jpeg,"{""latitude"": 36.1622296, ""longitude"": -86.7743531}",Nashville-PyLadies,,,"Nashville, TN",,,PyNashLadies,nash,,,,,,,,,,,,"36.1622296, -86.7743531",36.1622296,-86.7743531
73,brasil@pyladies.org,pyladies_natal.png,"{""latitude"": -5.7792569, ""longitude"": -35.200916}",,,,"Natal, Brazil",,,pyladiesbrazil,http://pyladiesnatal.github.io/,PyLadiesbrazil,pyladies-brazil,1,,,,,,,,,"-5.7792569, -35.200916",-5.7792569,-35.200916
74,newarkde@pyladies.com,,"{""latitude"": 39.6832884, ""longitude"": -75.7497231}",PyLadies-Newark-DE,,,"Newark, DE",,,,,,,,,,,,,,,,"39.6832884, -75.7497231",39.6832884,-75.7497231
75,nyc@pyladies.com,pyladies_ny.png,"{""latitude"": 40.75, ""longitude"": -73.99}",nyc-pyladies,4663509776,https://secure.meetupstatic.com/photos/event/8/3/4/c/highres_479733612.jpeg,"New York, NY",NYC PyLadies,Python Software Foundation Meetup Pro Network,NYCpyladies,http://nyc.pyladies.com,,,1,,,,,,,,,"40.75, -73.99",40.75,-73.99
76,nigeria@pyladies.com,pyladies_dc_atl_sea_tor.png,"{""latitude"": 6.465422, ""longitude"": 3.406448}",,201759643,,Nigeria,,,PyladiesNigeria,dc,,,,,,,,,,,,"6.465422, 3.406448",6.465422,3.406448
77,ojere@pyladies.com,pyladies_dc_atl_sea_tor.png,"{""latitude"": 7.1557102, ""longitude"": 3.3450899}",,,,"Ojere, NG",,,pyladiesojere,,,,,,,,,,,,,"7.1557102, 3.3450899",7.1557102,3.3450899
78,okinawa@pyladies.com,,"{""latitude"": 26.3305244, ""longitude"": 127.8767851}",,,,"Okinawa, Japan",,,PyLadiesOkinawa,,,,,,,,,,,,,"26.3305244, 127.8767851",26.3305244,127.8767851
79,oslo@pyladies.com,pyladies-oslo.png,"{""latitude"": 59.9111889074049, ""longitude"": 10.750322585469299}",pyladies-oslo,,,"Oslo, Norway",,,,,,,,,,,,,,,,"59.9111889074049, 10.750322585469299",59.9111889074049,10.750322585469299
80,pb@pyladies.com,,"{""latitude"": -7.24, ""longitude"": -36.782}",,,,"Paraiba, Brazil",,,pyladiesPB,,pyladiespb,pyladiespb,,,,,,,,,,"-7.24, -36.782",-7.24,-36.782
81,paris@pyladies.com,pyladies_dc_atl_sea_tor.png,"{""latitude"": 48.86, ""longitude"": 2.34}",PyLadies-Paris,4663512976,https://secure.meetupstatic.com/photos/event/e/3/2/7/highres_438478151.jpeg,"Paris, France",Lucy ,,PyLadiesParis,paris,,,,,,,,,,,,"48.86, 2.34",48.86,2.34
82,poland@pyladies.com,pyladies_poland.png,"{""latitude"": 52.0977181, ""longitude"": 19.0258159}",,185065560,,Poland,,,PyladiesPL,pl,pyladiespl,,,,,,,,,,,"52.0977181, 19.0258159",52.0977181,19.0258159
83,pyladies.pdx@gmail.com,pyladies_pdx.png,"{""latitude"": 35.77, ""longitude"": -78.64}",pyladies-rdu,4663509776,,"Portland, OR",Charlotte,Python Software Foundation Meetup Pro Network,pyladies_pdx,http://pyladiespdx.github.io,,,1,,,,,,,,,"35.77, -78.64",35.77,-78.64
84,pyladiespoa@openmailbox.org,pyladies-poa.png,"{""latitude"": -30.0333, ""longitude"": -51.2}",,,,"Porto Alegre, Brazil",,,Pyladiespoas,https://pyladiespoa.pythonanywhere.com,PoaPyladies,pyladiespoa,1,,,,,,,,,"-30.0333, -51.2",-30.0333,-51.2
85,pune@pyladies.com,pyladies_pune.jpeg,"{""latitude"": 18.53, ""longitude"": 73.84}",PyLadies-Pune,4663512976,https://secure.meetupstatic.com/photos/event/9/4/e/b/highres_458618123.jpeg,"Pune, India",Anwesha Das,,PyladiesPune,http://pune.pyladies.com/,PyLadiesPune,,1,,,,,,,,,"18.53, 73.84",18.53,73.84
86,quito@pyladies.com,pyladies_ec.png,"{""latitude"": -0.17752, ""longitude"": -78.465686}",,,,"Quito, Ecuador",,,PyladiesEc,,pyladiesecq,pyladies-ecuador,,,,,,,,,,"-0.17752, -78.465686",-0.17752,-78.465686
87,rdu@pyladies.com,pyladies_rdu.png,"{""latitude"": 35.77, ""longitude"": -78.64}",pyladies-rdu,4663661776,,"Raleigh-Durham, NC",Charlotte,Python Software Foundation Meetup Pro Network,pyladiesrdu,rdu,,,,,,,,,,,,"35.77, -78.64",35.77,-78.64
88,recife@pyladies.org,pyladies_recife.png,"{""latitude"": -8.0475458, ""longitude"": -34.8769621}",,,,"Recife, Brazil",,,pyladiesrecife,http://brasil.pyladies.com,PyLadies-Recife,pyladies-brazil,1,,,,,,,,,"-8.0475458, -34.8769621",-8.0475458,-34.8769621
89,remote@pyladies.com,pyladies-remote.png,,,,,"Remote, Everywhere",,,pyladiesremote,http://remote.pyladies.com,,pyladies-remote,1,,,,,,,,,,,
90,enespanol@pyladies.com,pyladies_enespanol.jpg,,,,,"en Espa&ntilde;ol, Everywhere",,,PyladiesEspanol,,,,,,,,,,,,,,,
91,brasil@pyladies.org,pyladies_rio.png,"{""latitude"": -22.9082998, ""longitude"": -43.1970773}",,,,"Rio de Janeiro, Brazil",,,rio_pyladies,http://brasil.pyladies.com,PyLadiesRio,pyladies-brazil,1,,,,,,,,,"-22.9082998, -43.1970773",-22.9082998,-43.1970773
92,saltlake@pyladies.com,pyladies_sd_brno.png,"{""latitude"": 41.6449294, ""longitude"": -112.2535647}",,8161032,,"Salt Lake Area, Utah",,,,saltlake,,,,,,,,,,,,"41.6449294, -112.2535647",41.6449294,-112.2535647
93,spb@pyladies.com,pyladies_spb.png,"{""latitude"": 59.9343, ""longitude"": 30.3351}",,,,"Saint Petersburg, Russia",,,pyladies_spb,http://spb.pyladies.com,pyladies.spb,,1,,,,pyladies-spb,,135287,,,"59.9343, 30.3351",59.9343,30.3351
94,salvador@pyladies.com,pyladies_salvador_logo.png,"{""latitude"": -12.9704, ""longitude"": -38.5124}",,,,"Salvador, Brazil",,,,https://pyladiessalvador.github.io/,PyLadiesSalvador,PyLadiesSalvador,1,,,,,,,,,"-12.9704, -38.5124",-12.9704,-38.5124
95,juliet.oberding@gmail.com,pyladies_sd_brno.png,"{""latitude"": 32.76, ""longitude"": -117.2}",sd-pyladies,4663509776,https://secure.meetupstatic.com/photos/event/4/0/2/3/highres_433096419.jpeg,"San Diego, CA",Carol Naslund Willing,,,sd,,,,,,,,,,,,"32.76, -117.2",32.76,-117.2
96,sf@pyladies.com,pyladies_sf_logo.png,"{""latitude"": 37.77, ""longitude"": -122.4}",pyladiessf,4663661776,https://secure.meetupstatic.com/photos/event/6/7/4/0/highres_461906432.jpeg,"San Francisco, CA",Michelle Glauser,Python Software Foundation Meetup Pro Network,pyladiessf,sf,,,,,,,,,,,,"37.77, -122.4",37.77,-122.4
97,santacruz@pyladies.com,pyladies_santa_cruz.png,"{""latitude"": 36.99, ""longitude"": -122.06}",PyLadiesSC,4663509776,,"Santa Cruz, CA",Santa Cruz PyLadies,,PyLadiesSC,,,,,,,,,,,,,"36.99, -122.06",36.99,-122.06
98,saocarlos@pyladies.org,pyladies_saocarlos.png,"{""latitude"": -22.0087175, ""longitude"": -47.8909142}",,,,"Sao Carlos, Brazil",,,pyladiesbrazil,http://brasil.pyladies.com,PyLadiesSaoCarlos,pyladies-brazil,1,,,,,,,,,"-22.0087175, -47.8909142",-22.0087175,-47.8909142
99,saoluis@pyladies.org,pyladies_saoluis.png,"{""latitude"": -2.53073, ""longitude"": -44.3068}",,,,"São Luís, Brazil",,,PyladiesSlz,,PyLadiesSLZ,,,,,,,,,,,"-2.53073, -44.3068",-2.53073,-44.3068
100,seattle@pyladies.com,pyladies_dc_atl_sea_tor.png,"{""latitude"": 47.68, ""longitude"": -122.29}",seattle-pyladies,4663660624,https://secure.meetupstatic.com/photos/event/2/a/e/d/highres_432550989.jpeg,"Seattle, WA",Wendy Grus,Python Software Foundation Meetup Pro Network,pyladiesSEA,sea,,,,,,,,,,,,"47.68, -122.29",47.68,-122.29
101,seoul@pyladies.com,pyladies-seoul-logo.png,"{""latitude"": 37.5666791, ""longitude"": 126.9782914}",,10708842,,"Seoul, Korea",,,PyladiesSeoul,seoul,pyladieseoul,,,,,,,https://plus.google.com/106890062399007175692/posts,,,,"37.5666791, 126.9782914",37.5666791,126.9782914
102,siliconvalley@pyladies.com,pyladies-silicion-logo.png,"{""latitude"": 37.37, ""longitude"": -122.03}",PyLadies-Silicon-Valley,4663509776,https://secure.meetupstatic.com/photos/event/6/5/2/a/highres_444745898.jpeg,"Silicon Valley, CA",Sarah K,Python Software Foundation Meetup Pro Network,,http://siliconvalley.pyladies.com,svpyladies,SiliconValleyPyLadies,,,,,,,,,,"37.37, -122.03",37.37,-122.03
103,sorocaba@pyladies.com,pyladies_sorocaba_logo.jpg,"{""latitude"": -23.50167, ""longitude"": -47.45806}",,,,"Sorocaba, SP",,,,sorocaba,PyLadiesSorocaba,,,,,,,,,,,"-23.50167, -47.45806",-23.50167,-47.45806
104,sg@pyladies.com,pyladies_dc_atl_sea_tor.png,"{""latitude"": 1.2904527, ""longitude"": 103.852038}",PyLadies-SG,14910222,,Singapore,,,pyladiessg,sg,,,,,,,,,,,,"1.2904527, 103.852038",1.2904527,103.852038
105,spain@pyladies.com,pyladies_es.png,"{""latitude"": 40.0028028, ""longitude"": -4.003104}",,,,Spain,,,PyLadies_ES,,,,,,,,,,,,,"40.0028028, -4.003104",40.0028028,-4.003104
106,madrid@pyladies.com,pyladies_madrid.png,"{""latitude"": 40.42, ""longitude"": -3.71}",PyLadiesMadrid,4663660624,https://secure.meetupstatic.com/photos/event/a/2/7/c/highres_485981596.jpeg,"Madrid, Spain",María Medina,Python Software Foundation Meetup Pro Network,PyLadiesMadrid,,,PyLadiesMadrid,,,,,,,,,,"40.42, -3.71",40.42,-3.71
107,stockholm@pyladies.com,pyladies_dc_atl_sea_tor.png,"{""latitude"": 59.33, ""longitude"": 18.07}",pyladiesstockholm,4663660752,https://secure.meetupstatic.com/photos/event/b/5/9/c/highres_377086492.jpeg,"Stockholm, Sweden",Eleonore Mayola,Python Software Foundation Meetup Pro Network,,stockholm,,,,,,,,,,,,"59.33, 18.07",59.33,18.07
108,suldeminasgerais@pyladies.com,pyladies_sulmg.png,"{""latitude"": -20.718889, ""longitude"": -46.609722}",,,,"Sul de Minas, Brazil",,,,,Pyladies Sul de Minas Gerais,,,,,,,,,,,"-20.718889, -46.609722",-20.718889,-46.609722
109,sydney@pyladies.com,,"{""latitude"": -33.87, ""longitude"": 151.21}",Sydney-PyLadies,4663660624,,"Sydney, Australia",Rachel Bunder,,sydneypyladies,,pyladiesau,,,,,,,,,,,"-33.87, 151.21",-33.87,151.21
110,pyladies.tw@gmail.com,pyladies-tw-logo.png,"{""latitude"": 25.02, ""longitude"": 121.45}",PyLadiesTW,4663660752,https://secure.meetupstatic.com/photos/event/9/f/e/7/highres_433120935.jpeg,Taiwan,姿君 (Kelly),,PyLadiesTW,http://tw.pyladies.com,,,1,,,,,,,,,"25.02, 121.45",25.02,121.45
111,teresina@pyladies.com,pyladies_teresina.png,"{""latitude"": -5.1816948, ""longitude"": -43.0212865}",,,,"Teresina, Brazil",,,pyladiesthe,https://pyladiesteresina.github.io/,PyLadiesTeresina,,1,,,,,,,,,"-5.1816948, -43.0212865",-5.1816948,-43.0212865
112,tirana@pyladies.com,,"{""latitude"": 41.327953, ""longitude"": 19.819025}",,,,"Tirana, Albania",,,PyLadiesTirana,,PyLadiesTirana,PyLadiesTirana,,,,,,,,,,"41.327953, 19.819025",41.327953,19.819025
113,pyladies-tokyo@googlegroups.com,pyladies_tokyo.png,"{""latitude"": 35.6, ""longitude"": 139.7}",,,,Tokyo,,,PyLadiesTokyo,http://tokyo.pyladies.com/,PyLadiesTokyo,PyLadiesTokyo,1,,,,,,,,,"35.6, 139.7",35.6,139.7
114,toronto@pyladies.com,pyladies_dc_atl_sea_tor.png,"{""latitude"": 43.65, ""longitude"": -79.44}",Pyladies-Toronto,4663660624,https://secure.meetupstatic.com/photos/event/5/e/4/9/highres_446124137.jpeg,"Toronto, Canada",Jill Cates,Python Software Foundation Meetup Pro Network,,toronto,,,,,,,,,,,,"43.65, -79.44",43.65,-79.44
115,tunis@pyladies.com,pyladies-tunis.png,"{""latitude"": 36.806389, ""longitude"": 10.181667}",,,,"Tunis, Tunisia",PyLadies Tunis,,PyLadiesTunis,tunis,PyLadiesTunis,PyLadiesTunis,,,pyladiestunis,,,,,channel/UCllZITsohBLf1mbACmRQJhw/videos,,"36.806389, 10.181667",36.806389,10.181667
116,uy@pyladies.com,pyladies-uy.jpeg,"{""latitude"": -34.87, ""longitude"": -56.17}",PyLadiesUy,4663660752,https://www.meetup.com/es-ES/Grupo-de-Meetup-en-Montevideo-de-Python/photos/30254037/#488184726,PyLadies Uruguay,PyLadies Uruguay,Python Software Foundation Meetup Pro Network,PyLadiesUy,http://uy.pyladies.com,,,1,,,,,,,,,"-34.87, -56.17",-34.87,-56.17
117,vale@pyladies.com,pyladies_vale.jpg,"{""latitude"": -23.2237, ""longitude"": -45.9009}",,,,"Vale do Paraiba, Brazil",,,pyladiesvale,http://vale.pyladies.com,pyladiesvale,pyladiesvale,1,,,,,,,,,"-23.2237, -45.9009",-23.2237,-45.9009
118,vancouver@pyladies.com,pyladies_dc_atl_sea_tor.png,"{""latitude"": 49.28, ""longitude"": -123.04}",PyLadies-Vancouver,4663660624,https://secure.meetupstatic.com/photos/event/a/d/d/e/highres_447404510.jpeg,"Vancouver, Canada",Mariatta,Python Software Foundation Meetup Pro Network,pyladiesvan,vancouver,,,,,,,,,,,,"49.28, -123.04",49.28,-123.04
119,vienna@pyladies.com,pyladies_dc_atl_sea_tor.png,"{""latitude"": 48.22, ""longitude"": 16.37}",pyladies-vienna,4663660752,https://secure.meetupstatic.com/photos/event/8/b/0/8/highres_212075592.jpeg,"Vienna, Austria",Týna Doležalová,,pyladies_vie,vienna,,,,,,,,,,,,"48.22, 16.37",48.22,16.37
120,jackiekazil@pyladies.com,pyladies_dc_atl_sea_tor.png,"{""latitude"": 38.95, ""longitude"": -77.02}",dc-pyladies,4663660624,https://secure.meetupstatic.com/photos/event/4/6/7/a/highres_170838042.jpeg,"Washington, DC",Katie Cunningham,,pyladiesdc,dc,,,,,,,,,,,,"38.95, -77.02",38.95,-77.02
121,zaria@pyladies.com,pyladies_dc_atl_sea_tor.png,"{""latitude"": 7.6559, ""longitude"": 11.1517}",,,,"Zaria, Kaduna",,,,,,,,,,,,,,,,"7.6559, 11.1517",7.6559,11.1517
122,rural@pyladies.com,pyladies-rural.jpg,"{""latitude"": -22.742238, ""longitude"": -43.458664}",,,,"Nova Iguacu, RJ",,,,,pyladiesrural,PyladiesRural,,,,,,,,,,"-22.742238, -43.458664",-22.742238,-43.458664
123,monrovia@pyladies.com,pyladies_dc_atl_sea_tor.png,"{""latitude"": 6.313333, ""longitude"": -10.801389}",,,,"Monrovia, Liberia",,,,,,,,,,,,,,,,"6.313333, -10.801389",6.313333,-10.801389
124,owerri@pyladies.com,pyladiesimologo.png,"{""latitude"": 5.47631, ""longitude"": 7.025853}",,201759643,,"Imo, Nigeria",,,Pyladiesowerri,IN,Pyladies Imo,,,,,,,,,,bit.ly/pyladiesimo,"5.47631, 7.025853",5.47631,7.025853
125,bcn@pyladies.com,pyladies-bcn.jpeg,"{""latitude"": 41.4, ""longitude"": 2.17}",PyLadies-BCN,4663660752,https://secure.meetupstatic.com/photos/event/7/9/a/6/highres_336991142.jpeg,"Barcelona, BCN",Núria Pujol,Python Software Foundation Meetup Pro Network,PyLadiesBCN,https://pybcn.org/pyladies-bcn/,,,1,,,,,,,,,"41.4, 2.17",41.4,2.17
126,asaba@pyladies.com,pyladies-asaba.png,"{""latitude"": 6.19824, ""longitude"": 6.73187}",,,,"Asaba, Nigeria",,,Pyladiesasaba,,asabapyladies,Pyladiesasaba,,,,,,,,,,"6.19824, 6.73187",6.19824,6.73187
127,guatemalacity@pyladies.com,pyladies-guatemala_city.jpg,"{""latitude"": 14.62, ""longitude"": -90.52}",,,,"Guatemala city, Guatemala",PyladiesGT City,,PyLadiesGTCity,,PyladiesGTCity,,,,PyLadiesGTCity,,,,,,,"14.62, -90.52",14.62,-90.52
128,maputo@pyladies.com,pyladies_mpt.png,"{""latitude"": 25.9692, ""longitude"": 32.5732}",pyladies-mpt,,,"Maputo, Mozambique",,,,,,,,,,,,,,,,"25.9692, 32.5732",25.9692,32.5732
129,santiago@pyladies.com,pyladies-SantiagoChile.png,"{""latitude"": -33.45, ""longitude"": -70.666667}",pyladies-santiago-de-chile,,,"Santiago, Chile",,,pyladiesSCL,,@pyladiesSCL,,,,pyladiesSCL,,,,,,,"-33.45, -70.666667",-33.45,-70.666667
130,panama@pyladies.com,Pyladies_Panama.png,"{""latitude"": 8.54, ""longitude"": 80.78}",,,,Panama,PyLadies Panama,,PyLadiesPanama,,,,,,pyladiespanama,,,,,,,"8.54, 80.78",8.54,80.78
